Workbook

Sheet patients
A1: PatientID | B1: Name | C1: Age | D1: Gender | E1: DiagnosisID | F1: AdmissionDate | G1: DischargeDate | H1: OutcomeID | I1: TreatmentCost | J1: DiagnosisName | K1: OutcomeName | L1: LengthOfStay | M1: AbnormalBloodSugar | N1: Risk Score
A2: 1 | B2: Edward Montes | C2: 68 | D2: M | E2: 2 | F2: 45738 | G2: 45751 | H2: 1 | I2: 4443 | J2: =VLOOKUP(E2,diagnoses!A$2:B$11,2,FALSE) -> Diabetes | K2: =VLOOKUP(H2,outcomes!A$2:B$4,2,0) -> Recovered | L2: =DATEDIF(F2,G2,"D") -> 13 | M2: =IF(labs!C2="Blood Sugar",IF(labs!D2>120,"High","Low"),"No Blood Sugar") -> No Blood Sugar | N2: =IF(OR(C2>65,H2>1),"High Risk","Low Risk") -> High Risk
A3: 2 | B3: Jessica Zimmerman | C3: 81 | D3: M | E3: 2 | F3: 45747 | G3: 45749 | H3: 2 | I3: 4265 | J3: =VLOOKUP(E3,diagnoses!A$2:B$11,2,FALSE) -> Diabetes | K3: =VLOOKUP(H3,outcomes!A$2:B$4,2,0) -> Complicated | L3: =DATEDIF(F3,G3,"D") -> 2 | M3: =IF(labs!C3="Blood Sugar",IF(labs!D3>120,"High","Low"),"No Blood Sugar") -> No Blood Sugar | N3: =IF(OR(C3>65,H3>1),"High Risk","Low Risk") -> High Risk
A4: 3 | B4: Gina Alexander | C4: 58 | D4: M | E4: 6 | F4: 45665 | G4: 45729 | H4: 1 | I4: 4188 | J4: =VLOOKUP(E4,diagnoses!A$2:B$11,2,FALSE) -> COPD | K4: =VLOOKUP(H4,outcomes!A$2:B$4,2,0) -> Recovered | L4: =DATEDIF(F4,G4,"D") -> 64 | M4: =IF(labs!C4="Blood Sugar",IF(labs!D4>120,"High","Low"),"No Blood Sugar") -> No Blood Sugar | N4: =IF(OR(C4>65,H4>1),"High Risk","Low Risk") -> Low Risk
A5: 4 | B5: Lori Green | C5: 44 | D5: F | E5: 3 | F5: 45750 | G5: 45752 | H5: 1 | I5: 9783 | J5: =VLOOKUP(E5,diagnoses!A$2:B$11,2,FALSE) -> Heart Disease | K5: =VLOOKUP(H5,outcomes!A$2:B$4,2,0) -> Recovered | L5: =DATEDIF(F5,G5,"D") -> 2 | M5: =IF(labs!C5="Blood Sugar",IF(labs!D5>120,"High","Low"),"No Blood Sugar") -> No Blood Sugar | N5: =IF(OR(C5>65,H5>1),"High Risk","Low Risk") -> Low Risk
A6: 5 | B6: Jack Logan | C6: 72 | D6: F | E6: 9 | F6: 45811 | G6: 45812 | H6: 1 | I6: 5005 | J6: =VLOOKUP(E6,diagnoses!A$2:B$11,2,FALSE) -> Kidney Disease | K6: =VLOOKUP(H6,outcomes!A$2:B$4,2,0) -> Recovered | L6: =DATEDIF(F6,G6,"D") -> 1 | M6: =IF(labs!C6="Blood Sugar",IF(labs!D6>120,"High","Low"),"No Blood Sugar") -> High | N6: =IF(OR(C6>65,H6>1),"High Risk","Low Risk") -> High Risk
A7: 6 | B7: Melinda Robinson | C7: 37 | D7: F | E7: 4 | F7: 45747 | G7: 45752 | H7: 1 | I7: 5281 | J7: =VLOOKUP(E7,diagnoses!A$2:B$11,2,FALSE) -> Asthma | K7: =VLOOKUP(H7,outcomes!A$2:B$4,2,0) -> Recovered | L7: =DATEDIF(F7,G7,"D") -> 5 | M7: =IF(labs!C7="Blood Sugar",IF(labs!D7>120,"High","Low"),"No Blood Sugar") -> No Blood Sugar | N7: =IF(OR(C7>65,H7>1),"High Risk","Low Risk") -> Low Risk
A8: 7 | B8: Sherry Robinson | C8: 50 | D8: F | E8: 1 | F8: 45819 | G8: 45843 | H8: 2 | I8: 2984 | J8: =VLOOKUP(E8,diagnoses!A$2:B$11,2,FALSE) -> Hypertension | K8: =VLOOKUP(H8,outcomes!A$2:B$4,2,0) -> Complicated | L8: =DATEDIF(F8,G8,"D") -> 24 | M8: =IF(labs!C8="Blood Sugar",IF(labs!D8>120,"High","Low"),"No Blood Sugar") -> No Blood Sugar | N8: =IF(OR(C8>65,H8>1),"High Risk","Low Risk") -> High Risk
A9: 8 | B9: James Watts | C9: 68 | D9: M | E9: 4 | F9: 45772 | G9: 45827 | H9: 1 | I9: 9136 | J9: =VLOOKUP(E9,diagnoses!A$2:B$11,2,FALSE) -> Asthma | K9: =VLOOKUP(H9,outcomes!A$2:B$4,2,0) -> Recovered | L9: =DATEDIF(F9,G9,"D") -> 55 | M9: =IF(labs!C9="Blood Sugar",IF(labs!D9>120,"High","Low"),"No Blood Sugar") -> No Blood Sugar | N9: =IF(OR(C9>65,H9>1),"High Risk","Low Risk") -> High Risk
A10: 9 | B10: Jeanne Butler | C10: 87 | D10: F | E10: 1 | F10: 45762 | G10: 45764 | H10: 2 | I10: 9790 | J10: =VLOOKUP(E10,diagnoses!A$2:B$11,2,FALSE) -> Hypertension | K10: =VLOOKUP(H10,outcomes!A$2:B$4,2,0) -> Complicated | L10: =DATEDIF(F10,G10,"D") -> 2 | M10: =IF(labs!C10="Blood Sugar",IF(labs!D10>120,"High","Low"),"No Blood Sugar") -> No Blood Sugar | N10: =IF(OR(C10>65,H10>1),"High Risk","Low Risk") -> High Risk
A11: 10 | B11: Benjamin Rogers | C11: 48 | D11: M | E11: 5 | F11: 45792 | G11: 45796 | H11: 2 | I11: 3639 | J11: =VLOOKUP(E11,diagnoses!A$2:B$11,2,FALSE) -> Stroke | K11: =VLOOKUP(H11,outcomes!A$2:B$4,2,0) -> Complicated | L11: =DATEDIF(F11,G11,"D") -> 4 | M11: =IF(labs!C11="Blood Sugar",IF(labs!D11>120,"High","Low"),"No Blood Sugar") -> No Blood Sugar | N11: =IF(OR(C11>65,H11>1),"High Risk","Low Risk") -> High Risk
A12: 11 | B12: Carol Sanchez | C12: 52 | D12: M | E12: 4 | F12: 45715 | G12: 45765 | H12: 3 | I12: 2827 | J12: =VLOOKUP(E12,diagnoses!A$2:B$11,2,FALSE) -> Asthma | K12: =VLOOKUP(H12,outcomes!A$2:B$4,2,0) -> Deceased | L12: =DATEDIF(F12,G12,"D") -> 50 | M12: =IF(labs!C12="Blood Sugar",IF(labs!D12>120,"High","Low"),"No Blood Sugar") -> No Blood Sugar | N12: =IF(OR(C12>65,H12>1),"High Risk","Low Risk") -> High Risk
A13: 12 | B13: Stacy Clark | C13: 40 | D13: F | E13: 8 | F13: 45771 | G13: 45795 | H13: 2 | I13: 4730 | J13: =VLOOKUP(E13,diagnoses!A$2:B$11,2,FALSE) -> Arthritis | K13: =VLOOKUP(H13,outcomes!A$2:B$4,2,0) -> Complicated | L13: =DATEDIF(F13,G13,"D") -> 24 | M13: =IF(labs!C13="Blood Sugar",IF(labs!D13>120,"High","Low"),"No Blood Sugar") -> No Blood Sugar | N13: =IF(OR(C13>65,H13>1),"High Risk","Low Risk") -> High Risk
... A201: 200 | B201: Gregory Bates | C201: 61 | D201: F | E201: 3 | F201: 45668 | G201: 45725 | H201: 3 | I201: 5983 | J201: =VLOOKUP(E201,diagnoses!A$2:B$11,2,FALSE) -> Heart Disease | K201: =VLOOKUP(H201,outcomes!A$2:B$4,2,0) -> Deceased | L201: =DATEDIF(F201,G201,"D") -> 57 | M201: =IF(labs!C201="Blood Sugar",IF(labs!D201>120,"High","Low"),"No Blood Sugar") -> No Blood Sugar | N201: =IF(OR(C201>65,H201>1),"High Risk","Low Risk") -> High Risk

Sheet labs
A1: LabID | B1: PatientID | C1: TestName | D1: Result | E1: NormalRange
A2: 1 | B2: 196 | C2: Blood Pressure | D2: 89.7 | E2: 150-200
A3: 2 | B3: 165 | C3: Cholesterol | D3: 270.2 | E3: 13-17
A4: 3 | B4: 182 | C4: Blood Pressure | D4: 268 | E4: 0.6-1.2
A5: 4 | B5: 142 | C5: Cholesterol | D5: 57.3 | E5: 150-200
A6: 5 | B6: 55 | C6: Blood Sugar | D6: 256.5 | E6: 120/80
A7: 6 | B7: 176 | C7: Creatinine | D7: 82.2 | E7: 120/80
A8: 7 | B8: 7 | C8: Blood Pressure | D8: 133.8 | E8: 150-200
A9: 8 | B9: 74 | C9: Hemoglobin | D9: 235.9 | E9: 0.6-1.2
A10: 9 | B10: 7 | C10: Hemoglobin | D10: 90.2 | E10: 20-50
A11: 10 | B11: 161 | C11: Vitamin D | D11: 254.5 | E11: 13-17
A12: 11 | B12: 151 | C12: Cholesterol | D12: 258 | E12: 120/80
A13: 12 | B13: 85 | C13: Blood Pressure | D13: 176.9 | E13: 20-50
... A201: 200 | B201: 116 | C201: Hemoglobin | D201: 268.4 | E201: 150-200

Sheet outcomes
A1: OutcomeID | B1: OutcomeName
A2: 1 | B2: Recovered
A3: 2 | B3: Complicated
A4: 3 | B4: Deceased

Sheet diagnoses
A1: DiagnosisID | B1: DiagnosisName
A2: 1 | B2: Hypertension
A3: 2 | B3: Diabetes
A4: 3 | B4: Heart Disease
A5: 4 | B5: Asthma
A6: 5 | B6: Stroke
A7: 6 | B7: COPD
A8: 7 | B8: Cancer
A9: 8 | B9: Arthritis
A10: 9 | B10: Kidney Disease
A11: 10 | B11: Liver Disease
